{
  "project_info": {
    "project_number": "947709925609",
    "project_id": "seras-fff9b",
    "storage_bucket": "seras-fff9b.appspot.com"
  },
  "client": [
    {
      "client_info": {
        "mobilesdk_app_id": "1:947709925609:android:300aef7544efe4e0093878",
        "android_client_info": {
          "package_name": "com.sares.app"
        }
      },
      "oauth_client": [
        {
          "client_id": "947709925609-88fu1od0s9n8aloufbromka58ltf0nve.apps.googleusercontent.com",
          "client_type": 3
        }
      ],
      "api_key": [
        {
          "current_key": "AIzaSyAhmESwLJ_-souzRiXjb2pk1rTohYym5W0"
        }
      ],
      "services": {
        "appinvite_service": {
          "other_platform_oauth_client": [
            {
              "client_id": "947709925609-88fu1od0s9n8aloufbromka58ltf0nve.apps.googleusercontent.com",
              "client_type": 3
            }
          ]
        }
      }
    }
  ],
  "configuration_version": "1"
}